model_type,implementation,BLEU_4,METEOR,eval_time_sec,num_images
RNN,Keras,0.127566610222924,0.3245342956041672,1612.186594247818,1000
RNN,Scratch NumPy,0.13184456191530514,0.32643907116331683,15.079771518707275,1000
LSTM,Keras,0.157925829734791,0.3579797008244653,761.3449194431305,1000
LSTM,Scratch NumPy,0.15796234408433252,0.3578607120854384,45.459813356399536,1000
