num_layers,hidden_size,BLEU_4_rnn,BLEU_4_lstm,METEOR_rnn,METEOR_lstm,best_val_loss_rnn,best_val_loss_lstm,train_time_sec_rnn,train_time_sec_lstm,eval_time_sec_rnn,eval_time_sec_lstm
1,512,0.127566610222924,0.157925829734791,0.3245342956041672,0.3579797008244653,2.9781997203826904,2.83601450920105,663.7361874580383,1031.3372428417206,1612.186594247818,761.3449194431305
3,512,0.1233886763675772,0.126350620596397,0.3125278927575643,0.325142871567444,3.080303192138672,2.9686741828918457,1212.5760402679443,2261.7700831890106,716.0245227813721,888.0550253391266
2,512,0.1163533355062428,0.1422410583632394,0.3103504165316286,0.3308210711353281,3.0329768657684326,2.9181466102600098,971.9322881698608,1670.7885682582855,1579.0424587726593,825.0402607917786
2,128,0.1083996984990912,0.1131834143904538,0.3020303103819204,0.3014901675352812,3.031726837158203,3.059748888015747,238.3446159362793,340.96696281433105,1842.9500787258148,698.441145658493
3,128,0.1081637879074636,0.1127468499668316,0.2932620094204337,0.2992178221926233,3.127511501312256,3.1606266498565674,328.1863796710968,413.0478286743164,778.0804855823517,726.9708964824677
1,128,0.1036896492544301,0.1055771828217353,0.2929662899752453,0.2999744422129325,3.024400234222412,3.027315139770508,226.4687626361847,289.39989376068115,1679.404726743698,676.961345911026
