num_layers,hidden_size,BLEU_4_rnn,BLEU_4_lstm,METEOR_rnn,METEOR_lstm,best_val_loss_rnn,best_val_loss_lstm,train_time_sec_rnn,train_time_sec_lstm,eval_time_sec_rnn,eval_time_sec_lstm
2,512,0.0923603381623297,0.0902141119708329,0.2398705402716833,0.2524568584760387,3.7862868309021,3.6095731258392334,1058.7677042484283,1585.220220565796,593.8506479263306,699.7785151004791
1,512,0.0902539561655992,0.0947844077004586,0.2423392692718134,0.2601347437579588,3.739909410476685,3.5846195220947266,773.8312432765961,1007.3892207145692,580.4250402450562,659.352897644043
3,512,0.0892833453809479,0.0760176727171343,0.2287232860627789,0.2329272624372831,3.89238166809082,3.6950199604034415,1211.2018394470217,2097.321773767472,622.9289054870605,763.3041212558746
3,128,0.0845390372244124,0.0823677369761394,0.2216045632771669,0.2030092451410279,3.785029649734497,3.9234015941619873,430.70021319389343,421.7777910232544,557.2446935176849,543.0661072731018
2,128,0.0718644471768065,0.0644903126091422,0.2253020484673953,0.2235953446979992,3.7699925899505615,3.73677110671997,432.7892301082611,337.49317812919617,671.4424757957458,641.4954142570496
1,128,0.0594244367739514,0.0678320552949751,0.2146301557718012,0.2231031095186069,3.756856679916382,3.704482316970825,307.8537690639496,271.55317878723145,783.7812271118164,653.1273014545441
