implementation,BLEU_4,METEOR,time_sec,n_images
Keras,0.08554991720178896,0.29192342444767916,554.7623155117035,1000
Scratch NumPy,0.005321759283268202,0.30665044350612314,7.970459222793579,1000
