implementation,BLEU_4,METEOR,time_sec,n_images
Keras,0.12636132544138706,0.3153357703858261,1468.4818861484528,1000
Scratch NumPy,0.12641436734071682,0.31562376888406063,37.67426800727844,1000
