max_caption_len,BLEU_4,METEOR,time_sec,n_images
10,0.005321759283268202,0.30665044350612314,6.5534162521362305,1000
20,0.005321759283268202,0.30665044350612314,6.409423112869263,1000
30,0.005321759283268202,0.30665044350612314,7.032556533813477,1000
