name,num_layers,hidden_size,epochs_ran,train_time_sec,best_val_loss,final_train_loss,final_val_loss,model_path,BLEU_4,METEOR,time_sec,n_images
rnn_1layer_128hidden,1,128,15,337.7114262580872,3.010571956634521,2.573919773101806,3.014171600341797,artifacts_rnn\models\rnn_1layer_128hidden.keras,0.10633038796763304,0.2996881884620873,1612.9012911319733,1000
rnn_1layer_512hidden,1,512,15,981.580548286438,2.986253499984741,2.057044982910156,3.145312547683716,artifacts_rnn\models\rnn_1layer_512hidden.keras,0.12636132544138706,0.3153357703858261,1461.3034899234772,1000
rnn_2layer_128hidden,2,128,15,354.9827935695648,3.0298142433166504,2.5668773651123047,3.041776418685913,artifacts_rnn\models\rnn_2layer_128hidden.keras,0.1212408490210615,0.29727918759753835,1515.722857952118,1000
rnn_2layer_512hidden,2,512,15,1190.9469957351685,3.042489051818848,2.226032495498657,3.123565196990967,artifacts_rnn\models\rnn_2layer_512hidden.keras,0.12138946595889945,0.31388410324727656,1637.8864319324493,1000
rnn_3layer_128hidden,3,128,15,385.784912109375,3.027750968933105,2.597072124481201,3.039613485336304,artifacts_rnn\models\rnn_3layer_128hidden.keras,0.11545018417711667,0.30434867543428645,1863.5340304374695,1000
rnn_3layer_512hidden,3,512,15,1381.414855480194,3.0762627124786377,2.376823902130127,3.133211612701416,artifacts_rnn\models\rnn_3layer_512hidden.keras,0.12407776925143298,0.313071764813644,2161.4396073818207,1000
