max_caption_len,BLEU_4,METEOR,time_sec,n_images
10,0.13426236201028238,0.3096871739360615,12.344785690307617,1000
20,0.12641436734071682,0.31562376888406063,14.820509672164917,1000
30,0.12639962068847785,0.31562131790366843,16.057021617889404,1000
