{
  "rnn_1layer_128hidden": {
    "loss": [
      4.314244747161865,
      3.504251480102539,
      3.2617504596710205,
      3.1202199459075928,
      3.0190720558166504,
      2.9422659873962402,
      2.8764467239379883,
      2.8225862979888916,
      2.77732515335083,
      2.732999563217163,
      2.6947708129882812,
      2.659209966659546,
      2.6293892860412598,
      2.5998952388763428,
      2.5739197731018066
    ],
    "val_loss": [
      3.682039499282837,
      3.3850207328796387,
      3.2456581592559814,
      3.166853427886963,
      3.113307476043701,
      3.0767366886138916,
      3.05397629737854,
      3.036884307861328,
      3.021923780441284,
      3.0134456157684326,
      3.017200469970703,
      3.0105719566345215,
      3.015185832977295,
      3.0107882022857666,
      3.014171600341797
    ]
  },
  "rnn_1layer_512hidden": {
    "loss": [
      3.9955027103424072,
      3.2160229682922363,
      2.9592182636260986,
      2.8018956184387207,
      2.68245267868042,
      2.584000587463379,
      2.5005578994750977,
      2.4288084506988525,
      2.364617347717285,
      2.302203416824341,
      2.244124174118042,
      2.187631845474243,
      2.141000270843506,
      2.097057342529297,
      2.0570449829101562
    ],
    "val_loss": [
      3.4323811531066895,
      3.143332004547119,
      3.044445276260376,
      3.0103697776794434,
      2.998542070388794,
      2.986253499984741,
      3.0003528594970703,
      3.0243871212005615,
      3.026289463043213,
      3.0372982025146484,
      3.069538116455078,
      3.0939137935638428,
      3.113229990005493,
      3.1262009143829346,
      3.145312547683716
    ]
  },
  "rnn_2layer_128hidden": {
    "loss": [
      4.319266319274902,
      3.5144362449645996,
      3.2764220237731934,
      3.134010076522827,
      3.033430814743042,
      2.951990842819214,
      2.8832602500915527,
      2.824896812438965,
      2.7749032974243164,
      2.7298877239227295,
      2.690584659576416,
      2.656169891357422,
      2.6263022422790527,
      2.5971710681915283,
      2.5668773651123047
    ],
    "val_loss": [
      3.687633514404297,
      3.407949209213257,
      3.2648234367370605,
      3.1910858154296875,
      3.136255979537964,
      3.107461929321289,
      3.0680713653564453,
      3.0570626258850098,
      3.042783498764038,
      3.031694173812866,
      3.0298142433166504,
      3.035104751586914,
      3.035306930541992,
      3.040691614151001,
      3.041776418685913
    ]
  },
  "rnn_2layer_512hidden": {
    "loss": [
      4.081030368804932,
      3.3758456707000732,
      3.1278257369995117,
      2.9634933471679688,
      2.8489980697631836,
      2.751075267791748,
      2.6688919067382812,
      2.5968029499053955,
      2.5320208072662354,
      2.4710733890533447,
      2.41959547996521,
      2.3702425956726074,
      2.3210766315460205,
      2.2711658477783203,
      2.2260324954986572
    ],
    "val_loss": [
      3.5575852394104004,
      3.294482707977295,
      3.161790132522583,
      3.102936029434204,
      3.0766243934631348,
      3.051407814025879,
      3.0424890518188477,
      3.0501959323883057,
      3.0566811561584473,
      3.0586376190185547,
      3.0737481117248535,
      3.097167491912842,
      3.1002700328826904,
      3.1165833473205566,
      3.123565196990967
    ]
  },
  "rnn_3layer_128hidden": {
    "loss": [
      4.31766939163208,
      3.521636724472046,
      3.296133279800415,
      3.1537106037139893,
      3.0505223274230957,
      2.971412181854248,
      2.906585454940796,
      2.8506078720092773,
      2.7998461723327637,
      2.7586817741394043,
      2.720674753189087,
      2.68713116645813,
      2.6555960178375244,
      2.627704381942749,
      2.597072124481201
    ],
    "val_loss": [
      3.7017581462860107,
      3.41530704498291,
      3.2829749584198,
      3.1983742713928223,
      3.143359422683716,
      3.1065051555633545,
      3.0764105319976807,
      3.0582401752471924,
      3.045602560043335,
      3.047196865081787,
      3.0337281227111816,
      3.0277509689331055,
      3.0446934700012207,
      3.0324442386627197,
      3.0396134853363037
    ]
  },
  "rnn_3layer_512hidden": {
    "loss": [
      4.2336812019348145,
      3.4173028469085693,
      3.168765068054199,
      3.018476724624634,
      2.907756805419922,
      2.824220895767212,
      2.7473716735839844,
      2.683838367462158,
      2.626645565032959,
      2.5730440616607666,
      2.5276615619659424,
      2.4830281734466553,
      2.4405667781829834,
      2.414146661758423,
      2.376823902130127
    ],
    "val_loss": [
      3.6031174659729004,
      3.312596559524536,
      3.212353229522705,
      3.1538405418395996,
      3.103076457977295,
      3.0911715030670166,
      3.0860493183135986,
      3.0762627124786377,
      3.084714651107788,
      3.084439754486084,
      3.0942046642303467,
      3.0857138633728027,
      3.100569009780884,
      3.1057984828948975,
      3.133211612701416
    ]
  }
}