{
  "rnn_1layer_128hidden": {
    "acc": [
      0.20271161198616028,
      0.24370351433753967,
      0.2604021728038788,
      0.2695659101009369,
      0.27549779415130615,
      0.2810574173927307,
      0.28551435470581055,
      0.2894422709941864,
      0.29266810417175293,
      0.29629790782928467
    ],
    "loss": [
      2.8307390213012695,
      2.5042078495025635,
      2.3905863761901855,
      2.3071789741516113,
      2.248941659927368,
      2.201228380203247,
      2.1608030796051025,
      2.1282479763031006,
      2.098226547241211,
      2.0724494457244873
    ],
    "val_acc": [
      0.23121687769889832,
      0.2399980127811432,
      0.25558602809906006,
      0.26062312722206116,
      0.26327788829803467,
      0.2670897841453552,
      0.26972752809524536,
      0.26925110816955566,
      0.2724843919277191,
      0.27193984389305115
    ],
    "val_loss": [
      2.5763235092163086,
      2.461455821990967,
      2.379436492919922,
      2.3397674560546875,
      2.3086585998535156,
      2.2869248390197754,
      2.2747385501861572,
      2.2643558979034424,
      2.255300760269165,
      2.2503397464752197
    ]
  },
  "rnn_1layer_512hidden": {
    "acc": [
      0.22332115471363068,
      0.26102471351623535,
      0.2772657573223114
    ],
    "loss": [
      2.694242000579834,
      2.382890462875366,
      2.223383665084839
    ],
    "val_acc": [
      0.23979373276233673,
      0.2578833997249603,
      0.2693021297454834
    ],
    "val_loss": [
      2.5038866996765137,
      2.341007709503174,
      2.271674633026123
    ]
  },
  "rnn_2layer_128hidden": {
    "acc": [
      0.1997555047273636,
      0.24323174357414246,
      0.25730404257774353
    ],
    "loss": [
      2.8504416942596436,
      2.511641263961792,
      2.406095266342163
    ],
    "val_acc": [
      0.22903870046138763,
      0.2404404729604721,
      0.2566750943660736
    ],
    "val_loss": [
      2.582580804824829,
      2.468808889389038,
      2.388385057449341
    ]
  },
  "rnn_2layer_512hidden": {
    "acc": [
      0.21124131977558136,
      0.24172240495681763,
      0.25527477264404297
    ],
    "loss": [
      2.7860770225524902,
      2.5259346961975098,
      2.4198083877563477
    ],
    "val_acc": [
      0.2284771054983139,
      0.23788779973983765,
      0.2531014382839203
    ],
    "val_loss": [
      2.587265729904175,
      2.5067296028137207,
      2.412491798400879
    ]
  },
  "rnn_3layer_128hidden": {
    "acc": [
      0.19993171095848083,
      0.24184179306030273,
      0.2525716722011566
    ],
    "loss": [
      2.854362964630127,
      2.5206620693206787,
      2.422929525375366
    ],
    "val_acc": [
      0.22776228189468384,
      0.2392321527004242,
      0.2485407143831253
    ],
    "val_loss": [
      2.594928026199341,
      2.4788644313812256,
      2.4201877117156982
    ]
  },
  "rnn_3layer_512hidden": {
    "acc": [
      0.2097974717617035,
      0.24629296362400055,
      0.2599019706249237
    ],
    "loss": [
      2.778672695159912,
      2.499986410140991,
      2.3744757175445557
    ],
    "val_acc": [
      0.2311999499797821,
      0.24799616634845734,
      0.25371408462524414
    ],
    "val_loss": [
      2.5728604793548584,
      2.4579684734344482,
      2.3831069469451904
    ]
  }
}