name,num_layers,hidden_size,train_time_sec,best_val_loss,model_path,BLEU_4,METEOR,time_sec,n_images
rnn_1layer_128hidden,1,128,444.40435767173767,2.25033974647522,artifacts_rnn\models\rnn_1layer_128hidden.keras,0.07197959970975834,0.34338179156096155,1603.7271389961243,1000
rnn_1layer_512hidden,1,512,318.5886471271515,2.271674633026123,artifacts_rnn\models\rnn_1layer_512hidden.keras,0.06347113291863574,0.26203925426095387,1102.967967748642,1000
rnn_2layer_128hidden,2,128,139.85482025146484,2.388385057449341,artifacts_rnn\models\rnn_2layer_128hidden.keras,0.08554991720178896,0.29192342444767916,1448.522631406784,1000
rnn_2layer_512hidden,2,512,370.0023784637451,2.412491798400879,artifacts_rnn\models\rnn_2layer_512hidden.keras,0.08554991720178896,0.29192342444767916,1581.953959941864,1000
rnn_3layer_128hidden,3,128,146.91951084136963,2.4201877117156982,artifacts_rnn\models\rnn_3layer_128hidden.keras,0.08554991720178896,0.29192342444767916,1461.1864042282104,1000
rnn_3layer_512hidden,3,512,447.72492265701294,2.3831069469451904,artifacts_rnn\models\rnn_3layer_512hidden.keras,0.035646132663564145,0.3118332281032567,2361.1015837192535,1000
