name,num_layers,hidden_size,epochs_ran,train_time_sec,best_val_loss,final_train_loss,final_val_loss,model_path
rnn_1layer_128hidden,1,128,15,337.71142625808716,3.0105719566345215,2.5739197731018066,3.014171600341797,artifacts_rnn\models\rnn_1layer_128hidden.keras
rnn_1layer_512hidden,1,512,15,981.580548286438,2.986253499984741,2.0570449829101562,3.145312547683716,artifacts_rnn\models\rnn_1layer_512hidden.keras
rnn_2layer_128hidden,2,128,15,354.9827935695648,3.0298142433166504,2.5668773651123047,3.041776418685913,artifacts_rnn\models\rnn_2layer_128hidden.keras
rnn_2layer_512hidden,2,512,15,1190.9469957351685,3.0424890518188477,2.2260324954986572,3.123565196990967,artifacts_rnn\models\rnn_2layer_512hidden.keras
rnn_3layer_128hidden,3,128,15,385.784912109375,3.0277509689331055,2.597072124481201,3.0396134853363037,artifacts_rnn\models\rnn_3layer_128hidden.keras
rnn_3layer_512hidden,3,512,15,1381.414855480194,3.0762627124786377,2.376823902130127,3.133211612701416,artifacts_rnn\models\rnn_3layer_512hidden.keras
