name,model_type,num_layers,hidden_size,epochs_ran,train_time_sec,best_val_loss,final_train_loss,final_val_loss,model_path,BLEU_4,METEOR,eval_time_sec,num_images
rnn_1layer_128hidden,RNN,1,128,10,307.8537690639496,3.756856679916382,3.5006418228149414,3.756856679916382,C:\Users\Anella Utari\Documents\GitHub\Tubes2_IF3270_Kelompok9\src\rnn&lstm\rnn\artifacts_rnn\models\rnn_1layer_128hidden.keras,0.0594244367739514,0.2146301557718012,783.7812271118164,1000
rnn_1layer_512hidden,RNN,1,512,10,773.8312432765961,3.739909410476685,3.063419342041016,3.817938327789306,C:\Users\Anella Utari\Documents\GitHub\Tubes2_IF3270_Kelompok9\src\rnn&lstm\rnn\artifacts_rnn\models\rnn_1layer_512hidden.keras,0.0902539561655992,0.2423392692718134,580.4250402450562,1000
rnn_2layer_128hidden,RNN,2,128,10,432.7892301082611,3.7699925899505615,3.499445915222168,3.7699925899505615,C:\Users\Anella Utari\Documents\GitHub\Tubes2_IF3270_Kelompok9\src\rnn&lstm\rnn\artifacts_rnn\models\rnn_2layer_128hidden.keras,0.0718644471768065,0.2253020484673953,671.4424757957458,1000
rnn_2layer_512hidden,RNN,2,512,10,1058.7677042484283,3.7862868309021,3.261502981185913,3.8139710426330566,C:\Users\Anella Utari\Documents\GitHub\Tubes2_IF3270_Kelompok9\src\rnn&lstm\rnn\artifacts_rnn\models\rnn_2layer_512hidden.keras,0.0923603381623297,0.2398705402716833,593.8506479263306,1000
rnn_3layer_128hidden,RNN,3,128,10,430.70021319389343,3.785029649734497,3.519522428512573,3.785029649734497,C:\Users\Anella Utari\Documents\GitHub\Tubes2_IF3270_Kelompok9\src\rnn&lstm\rnn\artifacts_rnn\models\rnn_3layer_128hidden.keras,0.0845390372244124,0.2216045632771669,557.2446935176849,1000
rnn_3layer_512hidden,RNN,3,512,10,1211.2018394470217,3.89238166809082,3.7031712532043457,3.89238166809082,C:\Users\Anella Utari\Documents\GitHub\Tubes2_IF3270_Kelompok9\src\rnn&lstm\rnn\artifacts_rnn\models\rnn_3layer_512hidden.keras,0.08928334538094793,0.22872328606277897,622.9289054870605,1000
