{
  "rnn_1layer_128hidden": {
    "loss": [
      4.686455249786377,
      4.182583808898926,
      4.022328853607178,
      3.878755569458008,
      3.787031412124634,
      3.715663433074951,
      3.6489992141723633,
      3.5924172401428223,
      3.547478675842285,
      3.5006418228149414
    ],
    "val_loss": [
      4.295607566833496,
      4.121784210205078,
      3.9956212043762207,
      3.920536994934082,
      3.869095802307129,
      3.8349785804748535,
      3.8008852005004883,
      3.7877094745635986,
      3.77152156829834,
      3.756856679916382
    ]
  },
  "rnn_1layer_512hidden": {
    "loss": [
      4.488324165344238,
      3.9611363410949707,
      3.726991653442383,
      3.57669734954834,
      3.454601526260376,
      3.353867530822754,
      3.2693498134613037,
      3.1974470615386963,
      3.1305227279663086,
      3.0634193420410156
    ],
    "val_loss": [
      4.134826183319092,
      3.913642168045044,
      3.815048933029175,
      3.763333559036255,
      3.749319553375244,
      3.7399094104766846,
      3.744419574737549,
      3.754499912261963,
      3.776970386505127,
      3.8179383277893066
    ]
  },
  "rnn_2layer_128hidden": {
    "loss": [
      4.669537544250488,
      4.142026424407959,
      3.966106414794922,
      3.857346534729004,
      3.771758794784546,
      3.702932357788086,
      3.643261432647705,
      3.587261438369751,
      3.5397636890411377,
      3.499445915222168
    ],
    "val_loss": [
      4.294121265411377,
      4.062405586242676,
      3.972377061843872,
      3.910255193710327,
      3.8637871742248535,
      3.82871675491333,
      3.8002891540527344,
      3.779611349105835,
      3.776998519897461,
      3.7699925899505615
    ]
  },
  "rnn_2layer_512hidden": {
    "loss": [
      4.575630187988281,
      4.118929862976074,
      3.8808703422546387,
      3.7328059673309326,
      3.620448112487793,
      3.5282866954803467,
      3.4492743015289307,
      3.3827521800994873,
      3.3207285404205322,
      3.261502981185913
    ],
    "val_loss": [
      4.288362503051758,
      4.0424580574035645,
      3.910057783126831,
      3.8447864055633545,
      3.807868719100952,
      3.7979676723480225,
      3.7911975383758545,
      3.789646863937378,
      3.7862868309020996,
      3.8139710426330566
    ]
  },
  "rnn_3layer_128hidden": {
    "loss": [
      4.653561592102051,
      4.183616638183594,
      4.018031597137451,
      3.8839340209960938,
      3.7891898155212402,
      3.713149070739746,
      3.654966354370117,
      3.604992151260376,
      3.5591909885406494,
      3.5195224285125732
    ],
    "val_loss": [
      4.289409637451172,
      4.13253927230835,
      4.004168510437012,
      3.92498517036438,
      3.8786725997924805,
      3.8390274047851562,
      3.8253636360168457,
      3.8037827014923096,
      3.7964394092559814,
      3.785029649734497
    ]
  },
  "rnn_3layer_512hidden": {
    "loss": [
      4.79013729095459,
      4.345698356628418,
      4.202997207641602,
      4.11323356628418,
      3.997885227203369,
      3.9190211296081543,
      3.847400665283203,
      3.792620897293091,
      3.739819288253784,
      3.7031712532043457
    ],
    "val_loss": [
      4.475687026977539,
      4.283079624176025,
      4.222002029418945,
      4.1427130699157715,
      4.0688982009887695,
      3.9963200092315674,
      3.9678187370300293,
      3.9469144344329834,
      3.910388946533203,
      3.8923816680908203
    ]
  }
}