model_type,max_caption_len,BLEU_4,METEOR,eval_time_sec,num_images
RNN,10,0.13889584980605404,0.3168197769701149,12.112760305404663,1000
RNN,20,0.13184456191530514,0.32643907116331683,17.42438006401062,1000
RNN,30,0.13181473074724065,0.32643388449747185,16.4797625541687,1000
