model_type,implementation,BLEU_4,METEOR,eval_time_sec,num_images
RNN,Keras,0.127566610222924,0.3245342956041672,1612.186594247818,1000
RNN,Scratch NumPy,0.13184456191530514,0.32643907116331683,15.079771518707275,1000
