model_type,max_caption_len,BLEU_4,METEOR,eval_time_sec,num_images
RNN,10,0.0036331525202405834,0.15274039309730156,11.937120199203491,1000
RNN,20,0.003268456902368677,0.15233855776093938,14.43502140045166,1000
RNN,30,0.0031783544756096575,0.15112942944475477,18.24416756629944,1000
