{
  "rnn_1layer_128hidden": {
    "loss": [
      4.35006856918335,
      3.517500162124634,
      3.2741498947143555,
      3.1299469470977783,
      3.0304014682769775,
      2.9508416652679443,
      2.8885109424591064,
      2.834975481033325,
      2.78706431388855,
      2.7439918518066406
    ],
    "val_loss": [
      3.693981170654297,
      3.404355525970459,
      3.2510128021240234,
      3.1722252368927,
      3.119859457015991,
      3.082282066345215,
      3.0624184608459473,
      3.0453836917877197,
      3.032151937484741,
      3.024400234222412
    ]
  },
  "rnn_1layer_512hidden": {
    "loss": [
      3.980875253677368,
      3.2302658557891846,
      2.969195604324341,
      2.804029703140259,
      2.6821987628936768,
      2.5844624042510986,
      2.500617504119873,
      2.422882318496704,
      2.35614275932312,
      2.2984323501586914
    ],
    "val_loss": [
      3.4301445484161377,
      3.1611592769622803,
      3.061492919921875,
      3.014680862426758,
      2.99996280670166,
      2.9781997203826904,
      2.9927706718444824,
      3.0088160037994385,
      3.0328762531280518,
      3.0469248294830322
    ]
  },
  "rnn_2layer_128hidden": {
    "loss": [
      4.284409523010254,
      3.5078954696655273,
      3.2720067501068115,
      3.125440835952759,
      3.023724317550659,
      2.943561315536499,
      2.877279758453369,
      2.822951555252075,
      2.7743630409240723,
      2.7304110527038574
    ],
    "val_loss": [
      3.674785852432251,
      3.402804374694824,
      3.256302833557129,
      3.1721904277801514,
      3.1254284381866455,
      3.085462808609009,
      3.064413547515869,
      3.047490119934082,
      3.0337350368499756,
      3.031726837158203
    ]
  },
  "rnn_2layer_512hidden": {
    "loss": [
      4.261916637420654,
      3.5427420139312744,
      3.307621717453003,
      3.148073434829712,
      3.0114905834198,
      2.9043266773223877,
      2.808499813079834,
      2.7193660736083984,
      2.6375887393951416,
      2.5664336681365967
    ],
    "val_loss": [
      3.6930031776428223,
      3.468086004257202,
      3.3208937644958496,
      3.211777448654175,
      3.1396234035491943,
      3.104004144668579,
      3.0690081119537354,
      3.0461409091949463,
      3.0329768657684326,
      3.0461974143981934
    ]
  },
  "rnn_3layer_128hidden": {
    "loss": [
      4.334238529205322,
      3.529273509979248,
      3.330632448196411,
      3.2098019123077393,
      3.1212894916534424,
      3.0524868965148926,
      2.9873719215393066,
      2.920912504196167,
      2.873046398162842,
      2.829608678817749
    ],
    "val_loss": [
      3.6878230571746826,
      3.4409239292144775,
      3.324716091156006,
      3.2573084831237793,
      3.2213423252105713,
      3.1989481449127197,
      3.156458616256714,
      3.1433639526367188,
      3.131293773651123,
      3.127511501312256
    ]
  },
  "rnn_3layer_512hidden": {
    "loss": [
      4.221188068389893,
      3.5059967041015625,
      3.2852420806884766,
      3.1266419887542725,
      3.0042264461517334,
      2.905848741531372,
      2.827450752258301,
      2.757598638534546,
      2.693033218383789,
      2.6394059658050537
    ],
    "val_loss": [
      3.647587776184082,
      3.4374523162841797,
      3.30639910697937,
      3.2040810585021973,
      3.160536527633667,
      3.1159679889678955,
      3.09879207611084,
      3.0820186138153076,
      3.0826303958892822,
      3.080303192138672
    ]
  }
}