model_type,implementation,BLEU_4,METEOR,eval_time_sec,num_images
RNN,Keras,0.09236033816232979,0.2398705402716833,583.4751970767975,1000
RNN,Scratch NumPy,0.003268456902368677,0.15233855776093938,15.103975296020508,1000
