{
  "lstm_1layer_128hidden": {
    "loss": [
      4.842992782592773,
      4.278425693511963,
      4.061440467834473,
      3.922206401824951,
      3.8256263732910156,
      3.7450551986694336,
      3.672281265258789,
      3.608165740966797,
      3.552053213119507,
      3.5013504028320312
    ],
    "val_loss": [
      4.402888774871826,
      4.191341876983643,
      4.019282817840576,
      3.9326257705688477,
      3.8764686584472656,
      3.8209774494171143,
      3.779247760772705,
      3.754244565963745,
      3.725337028503418,
      3.704482316970825
    ]
  },
  "lstm_1layer_512hidden": {
    "loss": [
      4.514852046966553,
      4.054061412811279,
      3.8069565296173096,
      3.618213653564453,
      3.4689109325408936,
      3.3455686569213867,
      3.2365992069244385,
      3.131974220275879,
      3.035391092300415,
      2.942244052886963
    ],
    "val_loss": [
      4.200404644012451,
      3.9535136222839355,
      3.8022937774658203,
      3.6911449432373047,
      3.640432834625244,
      3.600336790084839,
      3.5846195220947266,
      3.5883452892303467,
      3.593658924102783,
      3.6075844764709473
    ]
  },
  "lstm_2layer_128hidden": {
    "loss": [
      5.171872615814209,
      4.631429672241211,
      4.323394775390625,
      4.124062538146973,
      3.9927473068237305,
      3.888002634048462,
      3.8053762912750244,
      3.734112501144409,
      3.6673195362091064,
      3.6091697216033936
    ],
    "val_loss": [
      4.86482048034668,
      4.449217796325684,
      4.222404479980469,
      4.0843610763549805,
      3.9843714237213135,
      3.910715341567993,
      3.857029676437378,
      3.8054749965667725,
      3.7671656608581543,
      3.7367711067199707
    ]
  },
  "lstm_2layer_512hidden": {
    "loss": [
      4.601891040802002,
      4.149630546569824,
      3.9469492435455322,
      3.754246473312378,
      3.5768818855285645,
      3.4393789768218994,
      3.3295836448669434,
      3.2312991619110107,
      3.1391289234161377,
      3.0493288040161133
    ],
    "val_loss": [
      4.2772626876831055,
      4.085550785064697,
      3.915863275527954,
      3.7890000343322754,
      3.6874001026153564,
      3.644529342651367,
      3.6175155639648438,
      3.6095731258392334,
      3.61523699760437,
      3.6187164783477783
    ]
  },
  "lstm_3layer_128hidden": {
    "loss": [
      5.183567523956299,
      4.740291595458984,
      4.516793727874756,
      4.398460865020752,
      4.2977166175842285,
      4.188731670379639,
      4.064376354217529,
      3.980445146560669,
      3.9132392406463623,
      3.857534170150757
    ],
    "val_loss": [
      4.890718936920166,
      4.593819618225098,
      4.459503650665283,
      4.363797187805176,
      4.274662494659424,
      4.158511161804199,
      4.0659098625183105,
      4.007511138916016,
      3.9664840698242188,
      3.9234015941619873
    ]
  },
  "lstm_3layer_512hidden": {
    "loss": [
      4.763503551483154,
      4.230335235595703,
      3.9968812465667725,
      3.846755027770996,
      3.731954336166382,
      3.621480703353882,
      3.5207509994506836,
      3.4376935958862305,
      3.3588764667510986,
      3.283759593963623
    ],
    "val_loss": [
      4.394159317016602,
      4.143819808959961,
      3.977739095687866,
      3.889193296432495,
      3.831869125366211,
      3.7741546630859375,
      3.7416698932647705,
      3.717430353164673,
      3.701505184173584,
      3.6950199604034424
    ]
  }
}