model_type,max_caption_len,BLEU_4,METEOR,eval_time_sec,num_images
LSTM,10,0.005655225345977531,0.1559654081629968,18.250526666641235,1000
LSTM,20,0.005518682980192867,0.15607648018139592,19.297091484069824,1000
LSTM,30,0.005506627602842889,0.15608933085971852,19.46191120147705,1000
