name,model_type,num_layers,hidden_size,epochs_ran,train_time_sec,best_val_loss,final_train_loss,final_val_loss,model_path,BLEU_4,METEOR,eval_time_sec,num_images
lstm_1layer_128hidden,LSTM,1,128,10,271.55317878723145,3.704482316970825,3.5013504028320312,3.704482316970825,C:\Users\Anella Utari\Documents\GitHub\Tubes2_IF3270_Kelompok9\src\rnn&lstm\lstm\artifacts_lstm\models\lstm_1layer_128hidden.keras,0.0678320552949751,0.2231031095186069,653.1273014545441,1000
lstm_1layer_512hidden,LSTM,1,512,10,1007.3892207145692,3.5846195220947266,2.942244052886963,3.6075844764709473,C:\Users\Anella Utari\Documents\GitHub\Tubes2_IF3270_Kelompok9\src\rnn&lstm\lstm\artifacts_lstm\models\lstm_1layer_512hidden.keras,0.0947844077004586,0.2601347437579588,659.352897644043,1000
lstm_2layer_128hidden,LSTM,2,128,10,337.49317812919617,3.73677110671997,3.6091697216033936,3.73677110671997,C:\Users\Anella Utari\Documents\GitHub\Tubes2_IF3270_Kelompok9\src\rnn&lstm\lstm\artifacts_lstm\models\lstm_2layer_128hidden.keras,0.0644903126091422,0.2235953446979992,641.4954142570496,1000
lstm_2layer_512hidden,LSTM,2,512,10,1585.220220565796,3.6095731258392334,3.0493288040161133,3.6187164783477774,C:\Users\Anella Utari\Documents\GitHub\Tubes2_IF3270_Kelompok9\src\rnn&lstm\lstm\artifacts_lstm\models\lstm_2layer_512hidden.keras,0.0902141119708329,0.2524568584760387,699.7785151004791,1000
lstm_3layer_128hidden,LSTM,3,128,10,421.7777910232544,3.9234015941619873,3.857534170150757,3.9234015941619873,C:\Users\Anella Utari\Documents\GitHub\Tubes2_IF3270_Kelompok9\src\rnn&lstm\lstm\artifacts_lstm\models\lstm_3layer_128hidden.keras,0.0823677369761394,0.2030092451410279,543.0661072731018,1000
lstm_3layer_512hidden,LSTM,3,512,10,2097.3217737674718,3.6950199604034415,3.283759593963623,3.6950199604034415,C:\Users\Anella Utari\Documents\GitHub\Tubes2_IF3270_Kelompok9\src\rnn&lstm\lstm\artifacts_lstm\models\lstm_3layer_512hidden.keras,0.07601767271713439,0.2329272624372831,763.3041212558746,1000
