name,model_type,num_layers,hidden_size,epochs_ran,train_time_sec,best_val_loss,final_train_loss,final_val_loss,model_path,BLEU_4,METEOR,eval_time_sec,num_images
lstm_1layer_128hidden,LSTM,1,128,10,289.39989376068115,3.027315139770508,2.8714120388031006,3.027315139770508,C:\Users\Anella Utari\Documents\GitHub\Tubes2_IF3270_Kelompok9\src\rnn_lstm\lstm\artifacts_lstm\models\lstm_1layer_128hidden.keras,0.1055771828217353,0.2999744422129325,676.961345911026,1000
lstm_1layer_512hidden,LSTM,1,512,10,1031.3372428417206,2.83601450920105,2.289146661758423,2.836211681365967,C:\Users\Anella Utari\Documents\GitHub\Tubes2_IF3270_Kelompok9\src\rnn_lstm\lstm\artifacts_lstm\models\lstm_1layer_512hidden.keras,0.157925829734791,0.3579797008244653,761.3449194431305,1000
lstm_2layer_128hidden,LSTM,2,128,10,340.96696281433105,3.059748888015747,2.9329330921173096,3.059748888015747,C:\Users\Anella Utari\Documents\GitHub\Tubes2_IF3270_Kelompok9\src\rnn_lstm\lstm\artifacts_lstm\models\lstm_2layer_128hidden.keras,0.1131834143904538,0.3014901675352812,698.441145658493,1000
lstm_2layer_512hidden,LSTM,2,512,10,1670.7885682582855,2.9181466102600098,2.500636100769043,2.9181466102600098,C:\Users\Anella Utari\Documents\GitHub\Tubes2_IF3270_Kelompok9\src\rnn_lstm\lstm\artifacts_lstm\models\lstm_2layer_512hidden.keras,0.1422410583632394,0.3308210711353281,825.0402607917786,1000
lstm_3layer_128hidden,LSTM,3,128,10,413.0478286743164,3.1606266498565674,3.068001747131348,3.1606266498565674,C:\Users\Anella Utari\Documents\GitHub\Tubes2_IF3270_Kelompok9\src\rnn_lstm\lstm\artifacts_lstm\models\lstm_3layer_128hidden.keras,0.1127468499668316,0.2992178221926233,726.9708964824677,1000
lstm_3layer_512hidden,LSTM,3,512,10,2261.7700831890106,2.9686741828918457,2.641599655151367,2.9686741828918457,C:\Users\Anella Utari\Documents\GitHub\Tubes2_IF3270_Kelompok9\src\rnn_lstm\lstm\artifacts_lstm\models\lstm_3layer_512hidden.keras,0.12635062059639707,0.325142871567444,888.0550253391266,1000
