{
  "lstm_1layer_128hidden": {
    "loss": [
      4.728378772735596,
      3.829695463180542,
      3.555767774581909,
      3.3656864166259766,
      3.241039514541626,
      3.144940137863159,
      3.0644073486328125,
      2.990884780883789,
      2.9273383617401123,
      2.8714120388031006
    ],
    "val_loss": [
      4.062390327453613,
      3.6762003898620605,
      3.471038579940796,
      3.342329978942871,
      3.258232355117798,
      3.1935787200927734,
      3.1388449668884277,
      3.0962629318237305,
      3.0610032081604004,
      3.027315139770508
    ]
  },
  "lstm_1layer_512hidden": {
    "loss": [
      4.13264799118042,
      3.3772759437561035,
      3.0978739261627197,
      2.9075539112091064,
      2.7625439167022705,
      2.646467685699463,
      2.5455973148345947,
      2.4535112380981445,
      2.368081569671631,
      2.289146661758423
    ],
    "val_loss": [
      3.5816586017608643,
      3.263502836227417,
      3.090270757675171,
      2.979360818862915,
      2.9141974449157715,
      2.86740779876709,
      2.848635196685791,
      2.839292049407959,
      2.83601450920105,
      2.836211681365967
    ]
  },
  "lstm_2layer_128hidden": {
    "loss": [
      5.041858196258545,
      4.14166784286499,
      3.744718551635742,
      3.530668020248413,
      3.362651824951172,
      3.2478206157684326,
      3.1500236988067627,
      3.065793514251709,
      2.9948999881744385,
      2.9329330921173096
    ],
    "val_loss": [
      4.467628002166748,
      3.8980374336242676,
      3.64787220954895,
      3.4667491912841797,
      3.3516249656677246,
      3.26749587059021,
      3.196227788925171,
      3.1394455432891846,
      3.09793758392334,
      3.059748888015747
    ]
  },
  "lstm_2layer_512hidden": {
    "loss": [
      4.273745059967041,
      3.5155906677246094,
      3.265695333480835,
      3.07934308052063,
      2.9458167552948,
      2.8406982421875,
      2.7485671043395996,
      2.6609792709350586,
      2.5781161785125732,
      2.500636100769043
    ],
    "val_loss": [
      3.6744492053985596,
      3.4157512187957764,
      3.232116937637329,
      3.121689558029175,
      3.0569639205932617,
      3.0098698139190674,
      2.9794840812683105,
      2.949916124343872,
      2.933034896850586,
      2.9181466102600098
    ]
  },
  "lstm_3layer_128hidden": {
    "loss": [
      5.053185939788818,
      4.2527570724487305,
      3.864325761795044,
      3.6583149433135986,
      3.5094830989837646,
      3.380722761154175,
      3.2770276069641113,
      3.1957132816314697,
      3.127608060836792,
      3.0680017471313477
    ],
    "val_loss": [
      4.577091217041016,
      4.007819652557373,
      3.7596914768218994,
      3.60880184173584,
      3.486358165740967,
      3.382639169692993,
      3.3013455867767334,
      3.2479684352874756,
      3.2015976905822754,
      3.1606266498565674
    ]
  },
  "lstm_3layer_512hidden": {
    "loss": [
      4.7832841873168945,
      3.8436739444732666,
      3.546146869659424,
      3.362656831741333,
      3.17086124420166,
      3.0014350414276123,
      2.8827240467071533,
      2.7905850410461426,
      2.711822509765625,
      2.641599655151367
    ],
    "val_loss": [
      4.110349178314209,
      3.678873062133789,
      3.4799718856811523,
      3.3284506797790527,
      3.177359104156494,
      3.092972993850708,
      3.033855676651001,
      3.001347303390503,
      2.974440574645996,
      2.9686741828918457
    ]
  }
}