model_type,implementation,BLEU_4,METEOR,eval_time_sec,num_images
LSTM,Keras,0.09478440770045865,0.2601347437579588,654.9140975475311,1000
LSTM,Scratch NumPy,0.005518682980192867,0.15607648018139592,19.12154793739319,1000
