model_type,implementation,BLEU_4,METEOR,eval_time_sec,num_images
LSTM,Keras,0.157925829734791,0.3579797008244653,761.3449194431305,1000
LSTM,Scratch NumPy,0.15796234408433252,0.3578607120854384,45.459813356399536,1000
