model_type,max_caption_len,BLEU_4,METEOR,eval_time_sec,num_images
LSTM,10,0.16683925514077905,0.3438940379293525,38.12451529502869,1000
LSTM,20,0.15796234408433252,0.3578607120854384,49.27982831001282,1000
LSTM,30,0.15809536410407882,0.35802141495298806,55.84352254867554,1000
