{
  "loss": [
    2.903144598007202,
    2.3094441890716553,
    2.1329538822174072,
    2.0281147956848145,
    1.9529435634613037,
    1.8960881233215332,
    1.8424513339996338,
    1.7938265800476074,
    1.7566509246826172,
    1.7225799560546875
  ],
  "sparse_categorical_accuracy": [
    0.17178496718406677,
    0.22319015860557556,
    0.23871006071567535,
    0.248483344912529,
    0.25503844022750854,
    0.2599482834339142,
    0.26512831449508667,
    0.2699466943740845,
    0.27303820848464966,
    0.2759382724761963
  ],
  "val_loss": [
    2.438978433609009,
    2.2041757106781006,
    2.0904481410980225,
    2.0211730003356934,
    1.9754419326782227,
    1.9437695741653442,
    1.9061287641525269,
    1.8823726177215576,
    1.8652453422546387,
    1.8512580394744873
  ],
  "val_sparse_categorical_accuracy": [
    0.20418000221252441,
    0.22794000804424286,
    0.2380400151014328,
    0.24532996118068695,
    0.2494499683380127,
    0.2528400123119354,
    0.2574400007724762,
    0.2599300146102905,
    0.2609099745750427,
    0.26274001598358154
  ]
}