{
  "loss": [
    3.185335397720337,
    2.6445415019989014,
    2.3507778644561768,
    2.2057044506073,
    2.1141512393951416,
    2.0287678241729736,
    1.954617977142334,
    1.8956365585327148,
    1.84652841091156,
    1.8043525218963623
  ],
  "sparse_categorical_accuracy": [
    0.13651171326637268,
    0.1941417157649994,
    0.21874986588954926,
    0.23258328437805176,
    0.2408183217048645,
    0.25071004033088684,
    0.257073312997818,
    0.26219502091407776,
    0.26637002825737,
    0.27026495337486267
  ],
  "val_loss": [
    2.8563594818115234,
    2.4517221450805664,
    2.26171612739563,
    2.1666135787963867,
    2.0978848934173584,
    2.0256502628326416,
    1.9757040739059448,
    1.9398900270462036,
    1.9120808839797974,
    1.8893433809280396
  ],
  "val_sparse_categorical_accuracy": [
    0.17524999380111694,
    0.20370998978614807,
    0.2240300327539444,
    0.2318599820137024,
    0.23775999248027802,
    0.2476799488067627,
    0.2523600459098816,
    0.25551000237464905,
    0.25832003355026245,
    0.25954997539520264
  ]
}