{
  "loss": [
    3.197711229324341,
    2.7978949546813965,
    2.6056973934173584,
    2.472743272781372,
    2.3578431606292725,
    2.269413948059082,
    2.1938393115997314,
    2.126832962036133,
    2.0666582584381104,
    2.0105056762695312
  ],
  "sparse_categorical_accuracy": [
    0.12832166254520416,
    0.176084965467453,
    0.19352173805236816,
    0.20521830022335052,
    0.22127167880535126,
    0.23155848681926727,
    0.2388383001089096,
    0.24385172128677368,
    0.24826166033744812,
    0.2519001364707947
  ],
  "val_loss": [
    2.925013780593872,
    2.667816638946533,
    2.526642084121704,
    2.41103458404541,
    2.3161532878875732,
    2.2424471378326416,
    2.179464340209961,
    2.1276862621307373,
    2.0808911323547363,
    2.037789821624756
  ],
  "val_sparse_categorical_accuracy": [
    0.15211999416351318,
    0.18532001972198486,
    0.19370003044605255,
    0.2092600166797638,
    0.22302000224590302,
    0.22848999500274658,
    0.23366999626159668,
    0.23860998451709747,
    0.24130003154277802,
    0.2435699999332428
  ]
}