BLEU_4,METEOR,eval_time_sec,num_images
,0.3869333394898946,133.32706928253174,1000
