{
  "loss": [
    3.174055576324463,
    2.6145057678222656,
    2.3277618885040283,
    2.1881463527679443,
    2.0988428592681885,
    2.021468162536621,
    1.9412109851837158,
    1.8781425952911377,
    1.8276580572128296,
    1.781675100326538
  ],
  "sparse_categorical_accuracy": [
    0.1333949714899063,
    0.19481006264686584,
    0.221896693110466,
    0.2344283014535904,
    0.2413400262594223,
    0.24828824400901794,
    0.25729167461395264,
    0.26285505294799805,
    0.26750996708869934,
    0.27163001894950867
  ],
  "val_loss": [
    2.831385850906372,
    2.4321365356445312,
    2.247831344604492,
    2.1544313430786133,
    2.0861849784851074,
    2.021632432937622,
    1.9649462699890137,
    1.9282774925231934,
    1.899139642715454,
    1.8738396167755127
  ],
  "val_sparse_categorical_accuracy": [
    0.17466996610164642,
    0.20426005125045776,
    0.22481003403663635,
    0.2325500249862671,
    0.23851001262664795,
    0.24571001529693604,
    0.2517699599266052,
    0.2553899884223938,
    0.2578900158405304,
    0.26064005494117737
  ]
}