{
  "loss": [
    2.809936046600342,
    2.2235333919525146,
    2.032033920288086,
    1.900186538696289,
    1.7978531122207642,
    1.7113734483718872,
    1.6369717121124268,
    1.5737870931625366,
    1.5178290605545044,
    1.4657496213912964
  ],
  "sparse_categorical_accuracy": [
    0.17398671805858612,
    0.2272866815328598,
    0.24503836035728455,
    0.2560732066631317,
    0.26504838466644287,
    0.2735584080219269,
    0.2805483639240265,
    0.2872169017791748,
    0.2929700016975403,
    0.29901158809661865
  ],
  "val_loss": [
    2.367140531539917,
    2.117370843887329,
    1.9922775030136108,
    1.9144388437271118,
    1.8541966676712036,
    1.8107632398605347,
    1.7836002111434937,
    1.770285725593567,
    1.7597242593765259,
    1.7548755407333374
  ],
  "val_sparse_categorical_accuracy": [
    0.21122995018959045,
    0.2324499934911728,
    0.2462500035762787,
    0.2534799873828888,
    0.2607499659061432,
    0.2649100720882416,
    0.2705100476741791,
    0.2726599872112274,
    0.2730700373649597,
    0.2759599983692169
  ]
}