max_caption_len,BLEU_4,METEOR,eval_time_sec,num_images
10,0.1582151241187413,0.3788211984399403,95.20392847061157,1000
20,0.14959060735785282,0.38914222904594364,126.39247941970825,1000
30,0.14959060735785282,0.38914222904594364,120.19014406204224,1000
