{
  "loss": [
    2.9409732818603516,
    2.3304879665374756,
    2.1552581787109375,
    2.0479116439819336,
    1.9686843156814575,
    1.9025657176971436,
    1.8414270877838135,
    1.7965617179870605,
    1.758362054824829,
    1.7233822345733643
  ],
  "sparse_categorical_accuracy": [
    0.16893664002418518,
    0.22184158861637115,
    0.23608984053134918,
    0.24544332921504974,
    0.2530299723148346,
    0.2595551013946533,
    0.2657683491706848,
    0.26984333992004395,
    0.27306342124938965,
    0.2764452397823334
  ],
  "val_loss": [
    2.471480369567871,
    2.2211737632751465,
    2.109795093536377,
    2.0347251892089844,
    1.985397219657898,
    1.9354348182678223,
    1.9046943187713623,
    1.8813602924346924,
    1.8629134893417358,
    1.8477996587753296
  ],
  "val_sparse_categorical_accuracy": [
    0.20162005722522736,
    0.22654001414775848,
    0.2353600412607193,
    0.24312999844551086,
    0.24897992610931396,
    0.25578004121780396,
    0.2585799992084503,
    0.260409951210022,
    0.2617599666118622,
    0.263560026884079
  ]
}