{
  "loss": [
    2.8618500232696533,
    2.253612756729126,
    2.0498220920562744,
    1.9009478092193604,
    1.7907301187515259,
    1.7043789625167847,
    1.63151216506958,
    1.5681430101394653,
    1.5118670463562012,
    1.461066722869873
  ],
  "sparse_categorical_accuracy": [
    0.1680816411972046,
    0.22425998747348785,
    0.24208328127861023,
    0.2556782066822052,
    0.26510167121887207,
    0.27344661951065063,
    0.2813531756401062,
    0.28788837790489197,
    0.2940283715724945,
    0.2998134195804596
  ],
  "val_loss": [
    2.4185287952423096,
    2.1459996700286865,
    1.9967389106750488,
    1.9037773609161377,
    1.847137451171875,
    1.8058167695999146,
    1.780495285987854,
    1.7685641050338745,
    1.7606087923049927,
    1.7625681161880493
  ],
  "val_sparse_categorical_accuracy": [
    0.20554997026920319,
    0.22890007495880127,
    0.24491001665592194,
    0.25345003604888916,
    0.2600400447845459,
    0.26669996976852417,
    0.2700499892234802,
    0.27288001775741577,
    0.27434998750686646,
    0.2761099934577942
  ]
}