name,num_layers,hidden_size,train_time_sec,best_val_loss,model_path,BLEU_4,METEOR,eval_time_sec,num_images
lstm_1layer_512hidden,1,512,1982.1389272212982,1.7329998016357422,artifacts_lstm\models\lstm_1layer_512hidden.keras,0.14959060735785282,0.38914222904594364,2228.801533937454,1000
lstm_2layer_512hidden,2,512,3126.7981317043304,1.7606087923049927,artifacts_lstm\models\lstm_2layer_512hidden.keras,0.1359369060359281,0.3858112327429071,2296.215713262558,1000
lstm_3layer_512hidden,3,512,4618.764656305313,1.8235939741134644,artifacts_lstm\models\lstm_3layer_512hidden.keras,0.129266812678328,0.360327653421458,1784.976197719574,1000
lstm_3layer_128hidden,3,128,1006.151664018631,2.037789821624756,artifacts_lstm\models\lstm_3layer_128hidden.keras,0.10492768451064172,0.3524712421959316,1559.6961085796356,1000
lstm_1layer_128hidden,1,128,651.6817448139191,1.8477996587753296,artifacts_lstm\models\lstm_1layer_128hidden.keras,0.0992096538342156,0.3401653999023062,1475.3258910179138,1000
lstm_2layer_128hidden,2,128,852.2903561592102,1.8738396167755127,artifacts_lstm\models\lstm_2layer_128hidden.keras,0.09814957858741898,0.35626813645925093,2949.3414404392242,1000
