{
  "loss": [
    2.5387799739837646,
    2.0544233322143555,
    1.8842849731445312,
    1.7667288780212402,
    1.674363613128662,
    1.5972706079483032,
    1.5286779403686523,
    1.4669480323791504,
    1.4108755588531494,
    1.3572486639022827
  ],
  "sparse_categorical_accuracy": [
    0.20265164971351624,
    0.24481834471225739,
    0.26024672389030457,
    0.27028846740722656,
    0.2787615954875946,
    0.2859683632850647,
    0.2930166721343994,
    0.29994016885757446,
    0.3064834773540497,
    0.31327152252197266
  ],
  "val_loss": [
    2.1658289432525635,
    1.9781396389007568,
    1.8876769542694092,
    1.8238580226898193,
    1.782408356666565,
    1.7608355283737183,
    1.746446132659912,
    1.7407281398773193,
    1.7396469116210938,
    1.742051362991333
  ],
  "val_sparse_categorical_accuracy": [
    0.22898991405963898,
    0.24915999174118042,
    0.2573699653148651,
    0.26315000653266907,
    0.2679900825023651,
    0.27177003026008606,
    0.2747199833393097,
    0.27685004472732544,
    0.2779100239276886,
    0.2788499891757965
  ]
}