{
  "loss": [
    3.0297091007232666,
    2.542030096054077,
    2.2156310081481934,
    2.0676088333129883,
    1.957034707069397,
    1.8707716464996338,
    1.8003394603729248,
    1.7404747009277344,
    1.6867491006851196,
    1.6376618146896362
  ],
  "sparse_categorical_accuracy": [
    0.15156663954257965,
    0.20093004405498505,
    0.2261800318956375,
    0.24015836417675018,
    0.25036996603012085,
    0.25700822472572327,
    0.26277169585227966,
    0.268026739358902,
    0.2729882597923279,
    0.2777383327484131
  ],
  "val_loss": [
    2.8908355236053467,
    2.316054105758667,
    2.1512045860290527,
    2.0398342609405518,
    1.9703035354614258,
    1.9188652038574219,
    1.8810765743255615,
    1.853751540184021,
    1.8315781354904175,
    1.8235939741134644
  ],
  "val_sparse_categorical_accuracy": [
    0.1597299873828888,
    0.21483002603054047,
    0.22808003425598145,
    0.24066001176834106,
    0.24828997254371643,
    0.2522699534893036,
    0.256740003824234,
    0.2601200342178345,
    0.2637600302696228,
    0.26589998602867126
  ]
}