max_caption_len,BLEU_4,METEOR,eval_time_sec,num_images
10,,0.37485973233522507,86.61302924156189,1000
20,,0.3869333394898946,137.98063278198242,1000
30,,0.3869333394898946,175.04661870002747,1000
