BLEU_4,METEOR,eval_time_sec,num_images
0.14959060735785282,0.38914222904594364,134.51654767990112,1000
