{
  "loss": [
    2.545921564102173,
    2.0591793060302734,
    1.8890682458877563,
    1.7652677297592163,
    1.66428542137146,
    1.5830347537994385,
    1.512436032295227,
    1.4495162963867188,
    1.3913049697875977,
    1.3364174365997314
  ],
  "sparse_categorical_accuracy": [
    0.20209504663944244,
    0.244306743144989,
    0.2590749263763428,
    0.2697933316230774,
    0.2795533239841461,
    0.2876031696796417,
    0.2950100302696228,
    0.30198654532432556,
    0.30885982513427734,
    0.31627175211906433
  ],
  "val_loss": [
    2.1713523864746094,
    1.9819506406784058,
    1.8851066827774048,
    1.8160972595214844,
    1.7700226306915283,
    1.7476574182510376,
    1.735703468322754,
    1.7329998016357422,
    1.7354732751846313,
    1.7414218187332153
  ],
  "val_sparse_categorical_accuracy": [
    0.22891995310783386,
    0.24741001427173615,
    0.2573600113391876,
    0.2642500698566437,
    0.27083006501197815,
    0.2744600474834442,
    0.27622997760772705,
    0.27807995676994324,
    0.27942001819610596,
    0.2786400318145752
  ]
}