name,num_layers,hidden_size,train_time_sec,best_val_loss,model_path,BLEU_4,METEOR,eval_time_sec,num_images
lstm_1layer_512hidden,1,512,5550.487270355225,1.7396469116210938,artifacts_lstm\models\lstm_1layer_512hidden.keras,,0.3869333394898946,1078.7797434329987,1000
lstm_2layer_512hidden,2,512,7974.031017780304,1.7548755407333374,artifacts_lstm\models\lstm_2layer_512hidden.keras,,0.3855085414355775,1253.1585330963135,1000
lstm_3layer_512hidden,3,512,7325.592094182968,1.8235939741134644,artifacts_lstm\models\lstm_3layer_512hidden.keras,,0.360327653421458,1307.725135087967,1000
lstm_3layer_128hidden,3,128,3819.3300330638885,2.037789821624756,artifacts_lstm\models\lstm_3layer_128hidden.keras,,0.3524712421959316,940.0965459346771,1000
lstm_1layer_128hidden,1,128,2157.775130033493,1.8512580394744873,artifacts_lstm\models\lstm_1layer_128hidden.keras,,0.34431793486438894,966.8731994628906,1000
lstm_2layer_128hidden,2,128,2773.076881170273,1.8893433809280396,artifacts_lstm\models\lstm_2layer_128hidden.keras,,0.33646265578932405,948.399610042572,1000
