{
  "lstm_1layer_128hidden": {
    "loss": [
      4.673027992248535,
      3.811920166015625,
      3.5630717277526855,
      3.381192445755005,
      3.232253313064575,
      3.1296496391296387,
      3.0476062297821045,
      2.977658271789551,
      2.9159669876098633,
      2.8606646060943604,
      2.813868761062622,
      2.7712934017181396,
      2.7330124378204346,
      2.695403814315796,
      2.6628928184509277
    ],
    "val_loss": [
      4.021679401397705,
      3.670839786529541,
      3.499457359313965,
      3.341674327850342,
      3.2444684505462646,
      3.1775567531585693,
      3.1232829093933105,
      3.080512046813965,
      3.0464963912963867,
      3.018030881881714,
      2.9949238300323486,
      2.976713180541992,
      2.9630043506622314,
      2.9493088722229004,
      2.9410898685455322
    ]
  },
  "lstm_1layer_512hidden": {
    "loss": [
      4.129448413848877,
      3.388113021850586,
      3.1187937259674072,
      2.9349071979522705,
      2.794374704360962,
      2.6790525913238525,
      2.5769383907318115,
      2.486804723739624,
      2.4043796062469482,
      2.326446533203125,
      2.253418445587158,
      2.1842026710510254,
      2.1174073219299316,
      2.052368640899658,
      1.98941969871521
    ],
    "val_loss": [
      3.5871036052703857,
      3.2731614112854004,
      3.104511022567749,
      3.0007457733154297,
      2.934025287628174,
      2.8891003131866455,
      2.860161066055298,
      2.848555564880371,
      2.8424630165100098,
      2.8447914123535156,
      2.850806951522827,
      2.86667799949646,
      2.887291193008423,
      2.906761407852173,
      2.9264581203460693
    ]
  },
  "lstm_2layer_128hidden": {
    "loss": [
      5.028907299041748,
      4.2138142585754395,
      3.838284969329834,
      3.5718584060668945,
      3.3886311054229736,
      3.2589573860168457,
      3.157766580581665,
      3.0687878131866455,
      2.9862115383148193,
      2.91445255279541,
      2.8526523113250732,
      2.8000030517578125,
      2.754094123840332,
      2.711679697036743,
      2.6716995239257812
    ],
    "val_loss": [
      4.499454498291016,
      3.99812650680542,
      3.7029125690460205,
      3.497548818588257,
      3.3599298000335693,
      3.2669105529785156,
      3.19464373588562,
      3.131258487701416,
      3.0774717330932617,
      3.037229061126709,
      3.004277229309082,
      2.98339581489563,
      2.962904930114746,
      2.9498727321624756,
      2.935206413269043
    ]
  },
  "lstm_2layer_512hidden": {
    "loss": [
      4.285910606384277,
      3.495861768722534,
      3.2420194149017334,
      3.039853572845459,
      2.899362325668335,
      2.784842014312744,
      2.684400796890259,
      2.590775489807129,
      2.506948947906494,
      2.4257755279541016,
      2.349766731262207,
      2.2789812088012695,
      2.2089641094207764,
      2.1417112350463867,
      2.0743167400360107
    ],
    "val_loss": [
      3.6652729511260986,
      3.4005820751190186,
      3.1964521408081055,
      3.0861284732818604,
      3.0127012729644775,
      2.9697699546813965,
      2.9336819648742676,
      2.9081344604492188,
      2.89359188079834,
      2.890883445739746,
      2.8969786167144775,
      2.8936665058135986,
      2.908262014389038,
      2.926952838897705,
      2.957841157913208
    ]
  },
  "lstm_3layer_128hidden": {
    "loss": [
      5.079492568969727,
      4.373493671417236,
      3.924147605895996,
      3.687694549560547,
      3.5082924365997314,
      3.3714003562927246,
      3.269028663635254,
      3.181320905685425,
      3.1087212562561035,
      3.04017972946167,
      2.9764838218688965,
      2.923247814178467,
      2.8753163814544678,
      2.8335494995117188,
      2.7953803539276123
    ],
    "val_loss": [
      4.7193779945373535,
      4.092408657073975,
      3.8006930351257324,
      3.615000009536743,
      3.4739980697631836,
      3.3719425201416016,
      3.289917230606079,
      3.2325315475463867,
      3.1771819591522217,
      3.127181053161621,
      3.0915510654449463,
      3.0622048377990723,
      3.0388236045837402,
      3.0198287963867188,
      3.011341094970703
    ]
  },
  "lstm_3layer_512hidden": {
    "loss": [
      4.650672435760498,
      3.7838754653930664,
      3.4627645015716553,
      3.2542316913604736,
      3.1062352657318115,
      2.9855546951293945,
      2.8875062465667725,
      2.8011391162872314,
      2.7213799953460693,
      2.6520023345947266,
      2.586808681488037,
      2.52414870262146,
      2.466459035873413,
      2.41040301322937,
      2.356954574584961
    ],
    "val_loss": [
      4.001068592071533,
      3.6075191497802734,
      3.3909945487976074,
      3.2663965225219727,
      3.173802137374878,
      3.1116762161254883,
      3.0632448196411133,
      3.026005506515503,
      3.0030486583709717,
      2.988269329071045,
      2.984577178955078,
      2.986320734024048,
      2.987246513366699,
      2.9852397441864014,
      2.98543643951416
    ]
  }
}